Date,Open,High,Low,Close,Adj_Close,Volume
2023-01-03,130.27999877929688,130.89999389648438,124.16999816894531,125.06999969482422,124.04804229736328,112117500
2023-01-04,126.88999938964844,128.66000366210938,125.08000183105469,126.36000061035156,125.32750701904297,89113600
2023-01-05,127.12999725341797,127.7699966430664,124.76000213623047,125.0199966430664,123.99845123291016,80962700
2023-01-06,126.01000213623047,130.2899932861328,124.88999938964844,129.6199951171875,128.5608673095703,87754700
2023-01-09,130.47000122070312,133.41000366210938,129.88999938964844,130.14999389648438,129.08653259277344,70790800
2023-01-10,130.25999450683594,131.25999450683594,128.1199951171875,130.72999572753906,129.6617889404297,63896200
2023-01-11,131.25,133.50999450683594,130.4600067138672,133.49000549316406,132.39926147460938,69458900
2023-01-12,133.8800048828125,134.25999450683594,131.44000244140625,133.41000366210938,132.3199005126953,71379600
2023-01-13,132.02999877929688,134.9199981689453,131.66000366210938,134.75999450683594,133.65887451171875,57809700
2023-01-17,134.8300018310547,137.2899932861328,134.1300048828125,135.94000244140625,134.82920837402344,63646600
2023-01-18,136.82000732421875,138.61000061035156,135.02999877929688,135.2100067138672,134.10519409179688,69672800
2023-01-19,134.0800018310547,136.25,133.77000427246094,135.27000427246094,134.16470336914062,58280400
2023-01-20,135.27999877929688,138.02000427246094,134.22000122070312,137.8699951171875,136.7434539794922,80223600
2023-01-23,138.1199951171875,143.32000732421875,137.89999389648438,141.11000061035156,139.9569854736328,81760300
2023-01-24,140.30999755859375,143.16000366210938,140.3000030517578,142.52999877929688,141.36538696289062,66435100
2023-01-25,140.88999938964844,142.42999267578125,138.80999755859375,141.86000061035156,140.70083618164062,65799300
2023-01-26,143.1699981689453,144.25,141.89999389648438,143.9600067138672,142.78370666503906,54105100
2023-01-27,143.16000366210938,147.22999572753906,143.0800018310547,145.92999267578125,144.7375946044922,70555800
2023-01-30,144.9600067138672,145.5500030517578,142.85000610351562,143.0,141.83154296875,64015300
2023-01-31,142.6999969482422,144.33999633789062,142.27999877929688,144.2899932861328,143.11099243164062,65874500
2023-02-01,143.97000122070312,146.61000061035156,141.32000732421875,145.42999267578125,144.24168395996094,77663600
2023-02-02,148.89999389648438,151.17999267578125,148.1699981689453,150.82000732421875,149.58767700195312,118339000
2023-02-03,148.02999877929688,157.3800048828125,147.8300018310547,154.5,153.23756408691406,154357300
2023-02-06,152.57000732421875,153.10000610351562,150.77999877929688,151.72999572753906,150.49021911621094,69858300
2023-02-07,150.63999938964844,155.22999572753906,150.63999938964844,154.64999389648438,153.3863525390625,83322600
2023-02-08,153.8800048828125,154.5800018310547,151.1699981689453,151.9199981689453,150.6786651611328,64120100
2023-02-09,153.77999877929688,154.3300018310547,150.4199981689453,150.8699951171875,149.63722229003906,56007100
2023-02-10,149.4600067138672,151.33999633789062,149.22000122070312,151.00999450683594,150.00479125976562,57450700
2023-02-13,150.9499969482422,154.25999450683594,150.9199981689453,153.85000610351562,152.8258819580078,62199000
2023-02-14,152.1199951171875,153.77000427246094,150.86000061035156,153.1999969482422,152.18019104003906,61707600
2023-02-15,153.11000061035156,155.5,152.8800048828125,155.3300018310547,154.29600524902344,65573800
2023-02-16,153.50999450683594,156.3300018310547,153.35000610351562,153.7100067138672,152.68679809570312,68167900
2023-02-17,152.35000610351562,153.0,150.85000610351562,152.5500030517578,151.53451538085938,59144100
2023-02-21,150.1999969482422,151.3000030517578,148.41000366210938,148.47999572753906,147.49160766601562,58867200
2023-02-22,148.8699951171875,149.9499969482422,147.16000366210938,148.91000366210938,147.9187469482422,51011300
2023-02-23,150.08999633789062,150.33999633789062,147.24000549316406,149.39999389648438,148.4054718017578,48394200
2023-02-24,147.11000061035156,147.19000244140625,145.72000122070312,146.7100067138672,145.73341369628906,55469600
2023-02-27,147.7100067138672,149.1699981689453,147.4499969482422,147.9199981689453,146.9353485107422,44998500
2023-02-28,147.0500030517578,149.0800018310547,146.8300018310547,147.41000366210938,146.42874145507812,50547000
2023-03-01,146.8300018310547,147.22999572753906,145.00999450683594,145.30999755859375,144.34271240234375,55479000
2023-03-02,144.3800048828125,146.7100067138672,143.89999389648438,145.91000366210938,144.93873596191406,52238100
2023-03-03,148.0399932861328,151.11000061035156,147.3300018310547,151.02999877929688,150.02464294433594,70732300
2023-03-06,153.7899932861328,156.3000030517578,153.4600067138672,153.8300018310547,152.80601501464844,87558000
2023-03-07,153.6999969482422,154.02999877929688,151.1300048828125,151.60000610351562,150.59085083007812,56182000
2023-03-08,152.80999755859375,153.47000122070312,151.8300018310547,152.8699951171875,151.8523712158203,47204800
2023-03-09,153.55999755859375,154.5399932861328,150.22999572753906,150.58999633789062,149.58758544921875,53833600
2023-03-10,150.2100067138672,150.94000244140625,147.61000061035156,148.5,147.511474609375,68572400
2023-03-13,147.80999755859375,153.13999938964844,147.6999969482422,150.47000122070312,149.46836853027344,84457100
2023-03-14,151.27999877929688,153.39999389648438,150.10000610351562,152.58999633789062,151.57424926757812,73695900
2023-03-15,151.19000244140625,153.25,149.9199981689453,152.99000549316406,151.97158813476562,77167900
2023-03-16,152.16000366210938,156.4600067138672,151.63999938964844,155.85000610351562,154.81256103515625,76161100
2023-03-17,156.0800018310547,156.74000549316406,154.27999877929688,155.0,153.96820068359375,98944600
2023-03-20,155.07000732421875,157.82000732421875,154.14999389648438,157.39999389648438,156.35223388671875,73641400
2023-03-21,157.32000732421875,159.39999389648438,156.5399932861328,159.27999877929688,158.21971130371094,73938300
2023-03-22,159.3000030517578,162.13999938964844,157.80999755859375,157.8300018310547,156.7793731689453,75701800
2023-03-23,158.8300018310547,161.5500030517578,157.67999267578125,158.92999267578125,157.87203979492188,67622100
2023-03-24,158.86000061035156,160.33999633789062,157.85000610351562,160.25,159.18328857421875,59196500
2023-03-27,159.94000244140625,160.77000427246094,157.8699951171875,158.27999877929688,157.22637939453125,52390300
2023-03-28,157.97000122070312,158.49000549316406,155.97999572753906,157.64999389648438,156.60057067871094,45992200
2023-03-29,159.3699951171875,161.0500030517578,159.35000610351562,160.77000427246094,159.69981384277344,51305700
2023-03-30,161.52999877929688,162.47000122070312,161.27000427246094,162.36000061035156,161.27923583984375,49501700
2023-03-31,162.44000244140625,165.0,161.91000366210938,164.89999389648438,163.80230712890625,68749800
2023-04-03,164.27000427246094,166.2899932861328,164.22000122070312,166.1699981689453,165.06385803222656,56976200
2023-04-04,166.60000610351562,166.83999633789062,165.11000061035156,165.6300048828125,164.5274658203125,46278300
2023-04-05,164.74000549316406,165.0500030517578,161.8000030517578,163.75999450683594,162.66990661621094,51511700
2023-04-06,162.42999267578125,164.9600067138672,162.0,164.66000366210938,163.5639190673828,45390100
2023-04-10,161.4199981689453,162.02999877929688,160.0800018310547,162.02999877929688,160.951416015625,47716900
2023-04-11,162.35000610351562,162.36000061035156,160.50999450683594,160.8000030517578,159.72959899902344,47644200
2023-04-12,161.22000122070312,162.05999755859375,159.77999877929688,160.10000610351562,159.03428649902344,50133100
2023-04-13,161.6300048828125,165.8000030517578,161.4199981689453,165.55999755859375,164.4579315185547,68445600
2023-04-14,164.58999633789062,166.32000732421875,163.82000732421875,165.2100067138672,164.1102752685547,49386500
2023-04-17,165.08999633789062,165.38999938964844,164.02999877929688,165.22999572753906,164.130126953125,41516200
2023-04-18,166.10000610351562,167.41000366210938,165.64999389648438,166.47000122070312,165.36187744140625,49923000
2023-04-19,165.8000030517578,168.16000366210938,165.5399932861328,167.6300048828125,166.51414489746094,47720200
2023-04-20,166.08999633789062,167.8699951171875,165.55999755859375,166.64999389648438,165.54066467285156,52456400
2023-04-21,165.0500030517578,166.4499969482422,164.49000549316406,165.02000427246094,163.92152404785156,58337300
2023-04-24,165.0,165.60000610351562,163.88999938964844,165.3300018310547,164.22946166992188,41949600
2023-04-25,165.19000244140625,166.30999755859375,163.72999572753906,163.77000427246094,162.67984008789062,48714100
2023-04-26,163.05999755859375,165.27999877929688,162.8000030517578,163.75999450683594,162.66990661621094,45498800
2023-04-27,165.19000244140625,168.55999755859375,165.19000244140625,168.41000366210938,167.2889404296875,64902300
2023-04-28,168.49000549316406,169.85000610351562,167.8800048828125,169.67999267578125,168.5504913330078,55209200
2023-05-01,169.27999877929688,170.4499969482422,168.63999938964844,169.58999633789062,168.46109008789062,52472900
2023-05-02,170.08999633789062,170.35000610351562,167.5399932861328,168.5399932861328,167.4180908203125,48425700
2023-05-03,169.5,170.9199981689453,167.16000366210938,167.4499969482422,166.33535766601562,65136000
2023-05-04,164.88999938964844,167.0399932861328,164.30999755859375,165.7899932861328,164.68638610839844,81235400
2023-05-05,170.97999572753906,174.3000030517578,170.75999450683594,173.57000732421875,172.4146270751953,113316400
2023-05-08,172.47999572753906,173.85000610351562,172.11000061035156,173.5,172.34506225585938,55962800
2023-05-09,173.0500030517578,173.5399932861328,171.60000610351562,171.77000427246094,170.62660217285156,45326900
2023-05-10,173.02000427246094,174.02999877929688,171.89999389648438,173.55999755859375,172.4046630859375,53724500
2023-05-11,173.85000610351562,174.58999633789062,172.1699981689453,173.75,172.59339904785156,49514700
2023-05-12,173.6199951171875,174.05999755859375,171.0,172.57000732421875,171.65838623046875,45497800
2023-05-15,173.16000366210938,173.2100067138672,171.47000122070312,172.07000732421875,171.16102600097656,37266700
2023-05-16,171.99000549316406,173.13999938964844,171.8000030517578,172.07000732421875,171.16102600097656,42110300
2023-05-17,171.7100067138672,172.92999267578125,170.4199981689453,172.69000244140625,171.77774047851562,57951600
2023-05-18,173.0,175.24000549316406,172.5800018310547,175.0500030517578,174.12525939941406,65496700
2023-05-19,176.38999938964844,176.38999938964844,174.94000244140625,175.16000366210938,174.2346954345703,55772400
2023-05-22,173.97999572753906,174.7100067138672,173.4499969482422,174.1999969482422,173.2797393798828,43570900
2023-05-23,173.1300048828125,173.3800048828125,171.27999877929688,171.55999755859375,170.6536865234375,50747300
2023-05-24,171.08999633789062,172.4199981689453,170.52000427246094,171.83999633789062,170.93222045898438,45143500
2023-05-25,172.41000366210938,173.89999389648438,171.69000244140625,172.99000549316406,172.076171875,56058300
2023-05-26,173.32000732421875,175.77000427246094,173.11000061035156,175.42999267578125,174.5032501220703,54835000
2023-05-30,176.9600067138672,178.99000549316406,176.57000732421875,177.3000030517578,176.36338806152344,55964400
2023-05-31,177.3300018310547,179.35000610351562,176.75999450683594,177.25,176.3136444091797,99625300
2023-06-01,177.6999969482422,180.1199951171875,176.92999267578125,180.08999633789062,179.13864135742188,68901800
2023-06-02,181.02999877929688,181.77999877929688,179.25999450683594,180.9499969482422,179.9940948486328,61945900
2023-06-05,182.6300048828125,184.9499969482422,178.0399932861328,179.5800018310547,178.63133239746094,121946500
2023-06-06,179.97000122070312,180.1199951171875,177.42999267578125,179.2100067138672,178.26329040527344,64848400
2023-06-07,178.44000244140625,181.2100067138672,177.32000732421875,177.82000732421875,176.88064575195312,61944600
2023-06-08,177.89999389648438,180.83999633789062,177.4600067138672,180.57000732421875,179.61610412597656,50214900
2023-06-09,181.5,182.22999572753906,180.6300048828125,180.9600067138672,180.00404357910156,48870700
2023-06-12,181.27000427246094,183.88999938964844,180.97000122070312,183.7899932861328,182.819091796875,54274900
2023-06-13,182.8000030517578,184.14999389648438,182.44000244140625,183.30999755859375,182.3416290283203,54929100
2023-06-14,183.3699951171875,184.38999938964844,182.02000427246094,183.9499969482422,182.97825622558594,57462900
2023-06-15,183.9600067138672,186.52000427246094,183.77999877929688,186.00999450683594,185.02735900878906,65433200
2023-06-16,186.72999572753906,186.99000549316406,184.27000427246094,184.9199981689453,183.943115234375,101235600
2023-06-20,184.41000366210938,186.10000610351562,184.41000366210938,185.00999450683594,184.0326385498047,49799100
2023-06-21,184.89999389648438,185.41000366210938,182.58999633789062,183.9600067138672,182.9882049560547,49515700
2023-06-22,183.74000549316406,187.0500030517578,183.6699981689453,187.0,186.0121307373047,51245300
2023-06-23,185.5500030517578,187.55999755859375,185.00999450683594,186.67999267578125,185.69381713867188,53079300
2023-06-26,186.8300018310547,188.0500030517578,185.22999572753906,185.27000427246094,184.29127502441406,48088700
2023-06-27,185.88999938964844,188.38999938964844,185.6699981689453,188.05999755859375,187.0665283203125,50730800
2023-06-28,187.92999267578125,189.89999389648438,187.60000610351562,189.25,188.250244140625,51216800
2023-06-29,189.0800018310547,190.07000732421875,188.94000244140625,189.58999633789062,188.5884552001953,46347300
2023-06-30,191.6300048828125,194.47999572753906,191.25999450683594,193.97000122070312,192.94532775878906,85069600
2023-07-03,193.77999877929688,193.8800048828125,191.75999450683594,192.4600067138672,191.4433135986328,31458200
2023-07-05,191.57000732421875,192.97999572753906,190.6199951171875,191.3300018310547,190.3192596435547,46920300
2023-07-06,189.83999633789062,192.02000427246094,189.1999969482422,191.80999755859375,190.79672241210938,45094300
2023-07-07,191.41000366210938,192.6699981689453,190.24000549316406,190.67999267578125,189.67266845703125,46778000
2023-07-10,189.25999450683594,189.99000549316406,187.0399932861328,188.61000061035156,187.6136474609375,59922200
2023-07-11,189.16000366210938,189.3000030517578,186.60000610351562,188.0800018310547,187.08642578125,46638100
2023-07-12,189.67999267578125,191.6999969482422,188.47000122070312,189.77000427246094,188.7675018310547,60750200
2023-07-13,190.5,191.19000244140625,189.77999877929688,190.5399932861328,189.53343200683594,41342300
2023-07-14,190.22999572753906,191.17999267578125,189.6300048828125,190.69000244140625,189.68263244628906,41573900
2023-07-17,191.89999389648438,194.32000732421875,191.80999755859375,193.99000549316406,192.9652099609375,50520200
2023-07-18,193.35000610351562,194.3300018310547,192.4199981689453,193.72999572753906,192.7065887451172,48353800
2023-07-19,193.10000610351562,198.22999572753906,192.64999389648438,195.10000610351562,194.06935119628906,80507300
2023-07-20,195.08999633789062,196.47000122070312,192.5,193.1300048828125,192.10975646972656,59581200
2023-07-21,194.10000610351562,194.97000122070312,191.22999572753906,191.94000244140625,190.92604064941406,71917800
2023-07-24,193.41000366210938,194.91000366210938,192.25,192.75,191.7317657470703,45377800
2023-07-25,193.3300018310547,194.44000244140625,192.9199981689453,193.6199951171875,192.59715270996094,37283200
2023-07-26,193.6699981689453,195.63999938964844,193.32000732421875,194.5,193.47250366210938,47471900
2023-07-27,196.02000427246094,197.1999969482422,192.5500030517578,193.22000122070312,192.19927978515625,47460200
2023-07-28,194.6699981689453,196.6300048828125,194.13999938964844,195.8300018310547,194.7954864501953,48291400
2023-07-31,196.05999755859375,196.49000549316406,195.25999450683594,196.4499969482422,195.41220092773438,38824100
2023-08-01,196.24000549316406,196.72999572753906,195.27999877929688,195.61000061035156,194.57666015625,35175100
2023-08-02,195.0399932861328,195.17999267578125,191.85000610351562,192.5800018310547,191.5626678466797,50389300
2023-08-03,191.57000732421875,192.3699951171875,190.69000244140625,191.1699981689453,190.1601104736328,61235200
2023-08-04,185.52000427246094,187.3800048828125,181.9199981689453,181.99000549316406,181.0286102294922,115799700
2023-08-07,182.1300048828125,183.1300048828125,177.35000610351562,178.85000610351562,177.90521240234375,97576100
2023-08-08,179.69000244140625,180.27000427246094,177.5800018310547,179.8000030517578,178.8501739501953,67823000
2023-08-09,180.8699951171875,180.92999267578125,177.00999450683594,178.19000244140625,177.24868774414062,60378500
2023-08-10,179.47999572753906,180.75,177.60000610351562,177.97000122070312,177.02984619140625,54686900
2023-08-11,177.32000732421875,178.6199951171875,176.5500030517578,177.7899932861328,177.089599609375,51988100
2023-08-14,177.97000122070312,179.69000244140625,177.30999755859375,179.4600067138672,178.7530517578125,43675600
2023-08-15,178.8800048828125,179.47999572753906,177.0500030517578,177.4499969482422,176.75094604492188,43622600
2023-08-16,177.1300048828125,178.5399932861328,176.5,176.57000732421875,175.87442016601562,46964900
2023-08-17,177.13999938964844,177.50999450683594,173.47999572753906,174.0,173.31454467773438,66062900
2023-08-18,172.3000030517578,175.10000610351562,171.9600067138672,174.49000549316406,173.80262756347656,61114200
2023-08-21,175.07000732421875,176.1300048828125,173.74000549316406,175.83999633789062,175.14727783203125,46311900
2023-08-22,177.05999755859375,177.67999267578125,176.25,177.22999572753906,176.5318145751953,42084200
2023-08-23,178.52000427246094,181.5500030517578,178.3300018310547,181.1199951171875,180.406494140625,52722800
2023-08-24,180.6699981689453,181.10000610351562,176.00999450683594,176.3800048828125,175.68516540527344,54945800
2023-08-25,177.3800048828125,179.14999389648438,175.82000732421875,178.61000061035156,177.90638732910156,51449600
2023-08-28,180.08999633789062,180.58999633789062,178.5500030517578,180.19000244140625,179.48016357421875,43820700
2023-08-29,179.6999969482422,184.89999389648438,179.5,184.1199951171875,183.3946533203125,53003900
2023-08-30,184.94000244140625,187.85000610351562,184.74000549316406,187.64999389648438,186.9107666015625,60813900
2023-08-31,187.83999633789062,189.1199951171875,187.47999572753906,187.8699951171875,187.1298828125,60794500
2023-09-01,189.49000549316406,189.9199981689453,188.27999877929688,189.4600067138672,188.713623046875,45732600
2023-09-05,188.27999877929688,189.97999572753906,187.61000061035156,189.6999969482422,188.9526824951172,45280000
2023-09-06,188.39999389648438,188.85000610351562,181.47000122070312,182.91000366210938,182.18942260742188,81755800
2023-09-07,175.17999267578125,178.2100067138672,173.5399932861328,177.55999755859375,176.86050415039062,112488800
2023-09-08,178.35000610351562,180.24000549316406,177.7899932861328,178.17999267578125,177.47805786132812,65551300
2023-09-11,180.07000732421875,180.3000030517578,177.33999633789062,179.36000061035156,178.65342712402344,58953100
2023-09-12,179.49000549316406,180.1300048828125,174.82000732421875,176.3000030517578,175.60548400878906,90370200
2023-09-13,176.50999450683594,177.3000030517578,173.97999572753906,174.2100067138672,173.52371215820312,84267900
2023-09-14,174.0,176.10000610351562,173.5800018310547,175.74000549316406,175.0476837158203,60895800
2023-09-15,176.47999572753906,176.5,173.82000732421875,175.00999450683594,174.320556640625,109205100
2023-09-18,176.47999572753906,179.3800048828125,176.1699981689453,177.97000122070312,177.26890563964844,67257600
2023-09-19,177.52000427246094,179.6300048828125,177.1300048828125,179.07000732421875,178.36456298828125,51826900
2023-09-20,179.25999450683594,179.6999969482422,175.39999389648438,175.49000549316406,174.7986602783203,58436200
2023-09-21,174.5500030517578,176.3000030517578,173.86000061035156,173.92999267578125,173.2447967529297,63047900
2023-09-22,174.6699981689453,177.0800018310547,174.0500030517578,174.7899932861328,174.10142517089844,56725400
2023-09-25,174.1999969482422,176.97000122070312,174.14999389648438,176.0800018310547,175.3863525390625,46172700
2023-09-26,174.82000732421875,175.1999969482422,171.66000366210938,171.9600067138672,171.28257751464844,64588900
2023-09-27,172.6199951171875,173.0399932861328,169.0500030517578,170.42999267578125,169.7585906982422,66921800
2023-09-28,169.33999633789062,172.02999877929688,167.6199951171875,170.69000244140625,170.017578125,56294400
2023-09-29,172.02000427246094,173.07000732421875,170.33999633789062,171.2100067138672,170.53553771972656,51814200
2023-10-02,171.22000122070312,174.3000030517578,170.92999267578125,173.75,173.0655059814453,52164500
2023-10-03,172.25999450683594,173.6300048828125,170.82000732421875,172.39999389648438,171.7208251953125,49594600
2023-10-04,171.08999633789062,174.2100067138672,170.97000122070312,173.66000366210938,172.9758758544922,53020300
2023-10-05,173.7899932861328,175.4499969482422,172.67999267578125,174.91000366210938,174.22096252441406,48527900
2023-10-06,173.8000030517578,177.99000549316406,173.17999267578125,177.49000549316406,176.79078674316406,57224100
2023-10-09,176.80999755859375,179.0500030517578,175.8000030517578,178.99000549316406,178.28488159179688,42390800
2023-10-10,178.10000610351562,179.72000122070312,177.9499969482422,178.38999938964844,177.68724060058594,43698000
2023-10-11,178.1999969482422,179.85000610351562,177.60000610351562,179.8000030517578,179.09169006347656,47551100
2023-10-12,180.07000732421875,182.33999633789062,179.0399932861328,180.7100067138672,179.99810791015625,56743100
2023-10-13,181.4199981689453,181.92999267578125,178.13999938964844,178.85000610351562,178.14544677734375,51427100
2023-10-16,176.75,179.0800018310547,176.50999450683594,178.72000122070312,178.01593017578125,52517000
2023-10-17,176.64999389648438,178.4199981689453,174.8000030517578,177.14999389648438,176.45211791992188,57549400
2023-10-18,175.5800018310547,177.5800018310547,175.11000061035156,175.83999633789062,175.14727783203125,54764400
2023-10-19,176.0399932861328,177.83999633789062,175.19000244140625,175.4600067138672,174.768798828125,59302900
2023-10-20,175.30999755859375,175.4199981689453,172.63999938964844,172.8800048828125,172.19894409179688,64189300
2023-10-23,170.91000366210938,174.00999450683594,169.92999267578125,173.0,172.3184814453125,55980100
2023-10-24,173.0500030517578,173.6699981689453,171.4499969482422,173.44000244140625,172.75674438476562,43816600
2023-10-25,171.8800048828125,173.05999755859375,170.64999389648438,171.10000610351562,170.42596435546875,57157000
2023-10-26,170.3699951171875,171.3800048828125,165.6699981689453,166.88999938964844,166.2325439453125,70625300
2023-10-27,166.91000366210938,168.9600067138672,166.8300018310547,168.22000122070312,167.5572967529297,58499100
2023-10-30,169.02000427246094,171.1699981689453,168.8699951171875,170.2899932861328,169.619140625,51131000
2023-10-31,169.35000610351562,170.89999389648438,167.89999389648438,170.77000427246094,170.09725952148438,44846000
2023-11-01,171.0,174.22999572753906,170.1199951171875,173.97000122070312,173.28465270996094,56934900
2023-11-02,175.52000427246094,177.77999877929688,175.4600067138672,177.57000732421875,176.87046813964844,77334800
2023-11-03,174.24000549316406,176.82000732421875,173.35000610351562,176.64999389648438,175.95407104492188,79763700
2023-11-06,176.3800048828125,179.42999267578125,176.2100067138672,179.22999572753906,178.52392578125,63841300
2023-11-07,179.17999267578125,182.44000244140625,178.97000122070312,181.82000732421875,181.10372924804688,70530000
2023-11-08,182.35000610351562,183.4499969482422,181.58999633789062,182.88999938964844,182.1695098876953,49340300
2023-11-09,182.9600067138672,184.1199951171875,181.80999755859375,182.41000366210938,181.69139099121094,53763500
2023-11-10,183.97000122070312,186.57000732421875,183.52999877929688,186.39999389648438,185.9102783203125,66133400
2023-11-13,185.82000732421875,186.02999877929688,184.2100067138672,184.8000030517578,184.3144989013672,43627500
2023-11-14,187.6999969482422,188.11000061035156,186.3000030517578,187.44000244140625,186.9475555419922,60108400
2023-11-15,187.85000610351562,189.5,187.77999877929688,188.00999450683594,187.51605224609375,53790500
2023-11-16,189.57000732421875,190.9600067138672,188.64999389648438,189.7100067138672,189.21160888671875,54412900
2023-11-17,190.25,190.3800048828125,188.57000732421875,189.69000244140625,189.191650390625,50922700
2023-11-20,189.88999938964844,191.91000366210938,189.8800048828125,191.4499969482422,190.947021484375,46505100
2023-11-21,191.41000366210938,191.52000427246094,189.74000549316406,190.63999938964844,190.13916015625,38134500
2023-11-22,191.49000549316406,192.92999267578125,190.8300018310547,191.30999755859375,190.80738830566406,39617700
2023-11-24,190.8699951171875,190.89999389648438,189.25,189.97000122070312,189.47091674804688,24048300
2023-11-27,189.9199981689453,190.6699981689453,188.89999389648438,189.7899932861328,189.2913818359375,40552600
2023-11-28,189.77999877929688,191.0800018310547,189.39999389648438,190.39999389648438,189.8997802734375,38415400
2023-11-29,190.89999389648438,192.08999633789062,188.97000122070312,189.3699951171875,188.8724822998047,43014200
2023-11-30,189.83999633789062,190.32000732421875,188.19000244140625,189.9499969482422,189.45095825195312,48794400
2023-12-01,190.3300018310547,191.55999755859375,189.22999572753906,191.24000549316406,190.73757934570312,45679300
2023-12-04,189.97999572753906,190.0500030517578,187.4499969482422,189.42999267578125,188.9323272705078,43389500
2023-12-05,190.2100067138672,194.39999389648438,190.17999267578125,193.4199981689453,192.91184997558594,66628400
2023-12-06,194.4499969482422,194.75999450683594,192.11000061035156,192.32000732421875,191.81475830078125,41089700
2023-12-07,193.6300048828125,195.0,193.58999633789062,194.27000427246094,193.75962829589844,47477700
2023-12-08,194.1999969482422,195.99000549316406,193.6699981689453,195.7100067138672,195.19583129882812,53377300
2023-12-11,193.11000061035156,193.49000549316406,191.4199981689453,193.17999267578125,192.67247009277344,60943700
2023-12-12,193.0800018310547,194.72000122070312,191.72000122070312,194.7100067138672,194.19847106933594,52696900
2023-12-13,195.08999633789062,198.0,194.85000610351562,197.9600067138672,197.43992614746094,70404200
2023-12-14,198.02000427246094,199.6199951171875,196.16000366210938,198.11000061035156,197.5895233154297,66831600
2023-12-15,197.52999877929688,198.39999389648438,197.0,197.57000732421875,197.0509490966797,128256700
2023-12-18,196.08999633789062,196.6300048828125,194.38999938964844,195.88999938964844,195.37535095214844,55751900
2023-12-19,196.16000366210938,196.9499969482422,195.88999938964844,196.94000244140625,196.422607421875,40714100
2023-12-20,196.89999389648438,197.67999267578125,194.8300018310547,194.8300018310547,194.31814575195312,52242800
2023-12-21,196.10000610351562,197.0800018310547,193.5,194.67999267578125,194.16851806640625,46482500
2023-12-22,195.17999267578125,195.41000366210938,192.97000122070312,193.60000610351562,193.0913848876953,37122800
2023-12-26,193.61000061035156,193.88999938964844,192.8300018310547,193.0500030517578,192.54283142089844,28919300
2023-12-27,192.49000549316406,193.5,191.08999633789062,193.14999389648438,192.64254760742188,48087700
2023-12-28,194.13999938964844,194.66000366210938,193.1699981689453,193.5800018310547,193.07142639160156,34049900
2023-12-29,193.89999389648438,194.39999389648438,191.72999572753906,192.52999877929688,192.02418518066406,42628800
2024-01-02,187.14999389648438,188.44000244140625,183.88999938964844,185.63999938964844,185.15228271484375,82488700
2024-01-03,184.22000122070312,185.8800048828125,183.42999267578125,184.25,183.7659454345703,58414500
2024-01-04,182.14999389648438,183.08999633789062,180.8800048828125,181.91000366210938,181.43209838867188,71983600
2024-01-05,181.99000549316406,182.75999450683594,180.1699981689453,181.17999267578125,180.70399475097656,62303300
2024-01-08,182.08999633789062,185.60000610351562,181.5,185.55999755859375,185.07249450683594,59144500
2024-01-09,183.9199981689453,185.14999389648438,182.72999572753906,185.13999938964844,184.65359497070312,42841800
2024-01-10,184.35000610351562,186.39999389648438,183.9199981689453,186.19000244140625,185.70083618164062,46792900
2024-01-11,186.5399932861328,187.0500030517578,183.6199951171875,185.58999633789062,185.1024169921875,49128400
2024-01-12,186.05999755859375,186.74000549316406,185.19000244140625,185.9199981689453,185.43154907226562,40444700
2024-01-16,182.16000366210938,184.25999450683594,180.92999267578125,183.6300048828125,183.14756774902344,65603000
2024-01-17,181.27000427246094,182.92999267578125,180.3000030517578,182.67999267578125,182.20005798339844,47317400
2024-01-18,186.08999633789062,189.13999938964844,185.8300018310547,188.6300048828125,188.1344451904297,78005800
2024-01-19,189.3300018310547,191.9499969482422,188.82000732421875,191.55999755859375,191.05673217773438,68741000
2024-01-22,192.3000030517578,195.3300018310547,192.25999450683594,193.88999938964844,193.38059997558594,60133900
2024-01-23,195.02000427246094,195.75,193.8300018310547,195.17999267578125,194.66722106933594,42355600
2024-01-24,195.4199981689453,196.3800048828125,194.33999633789062,194.5,193.98899841308594,53631300
2024-01-25,195.22000122070312,196.27000427246094,193.11000061035156,194.1699981689453,193.65988159179688,54822100
2024-01-26,194.27000427246094,194.75999450683594,191.94000244140625,192.4199981689453,191.9144744873047,44594000
2024-01-29,192.00999450683594,192.1999969482422,189.5800018310547,191.72999572753906,191.22628784179688,47145600
2024-01-30,190.94000244140625,191.8000030517578,187.47000122070312,188.0399932861328,187.5459747314453,55859400
2024-01-31,187.0399932861328,187.10000610351562,184.35000610351562,184.39999389648438,183.91554260253906,55467800
2024-02-01,183.99000549316406,186.9499969482422,183.82000732421875,186.86000061035156,186.3690948486328,64885400
2024-02-02,179.86000061035156,187.3300018310547,179.25,185.85000610351562,185.3617401123047,102518000
2024-02-05,188.14999389648438,189.25,185.83999633789062,187.67999267578125,187.18692016601562,69668800
2024-02-06,186.86000061035156,189.30999755859375,186.77000427246094,189.3000030517578,188.80267333984375,43490800
2024-02-07,190.63999938964844,191.0500030517578,188.61000061035156,189.41000366210938,188.9123992919922,53439000
2024-02-08,189.38999938964844,189.5399932861328,187.35000610351562,188.32000732421875,187.82525634765625,40962000
2024-02-09,188.64999389648438,189.99000549316406,188.0,188.85000610351562,188.59420776367188,45155200
2024-02-12,188.4199981689453,188.6699981689453,186.7899932861328,187.14999389648438,186.89649963378906,41781900
2024-02-13,185.77000427246094,186.2100067138672,183.50999450683594,185.0399932861328,184.7893524169922,56529500
2024-02-14,185.32000732421875,185.52999877929688,182.44000244140625,184.14999389648438,183.9005584716797,54630500
2024-02-15,183.5500030517578,184.49000549316406,181.35000610351562,183.86000061035156,183.6109619140625,65434500
2024-02-16,183.4199981689453,184.85000610351562,181.6699981689453,182.30999755859375,182.06304931640625,49701400
2024-02-20,181.7899932861328,182.42999267578125,180.0,181.55999755859375,181.31407165527344,53665600
2024-02-21,181.94000244140625,182.88999938964844,180.66000366210938,182.32000732421875,182.07305908203125,41529700
2024-02-22,183.47999572753906,184.9600067138672,182.4600067138672,184.3699951171875,184.12026977539062,52292200
2024-02-23,185.00999450683594,185.0399932861328,182.22999572753906,182.52000427246094,182.2727813720703,45119700
2024-02-26,182.24000549316406,182.75999450683594,180.64999389648438,181.16000366210938,180.9146270751953,40867400
2024-02-27,181.10000610351562,183.9199981689453,179.55999755859375,182.6300048828125,182.38262939453125,54318900
2024-02-28,182.50999450683594,183.1199951171875,180.1300048828125,181.4199981689453,181.17425537109375,48953900
2024-02-29,181.27000427246094,182.57000732421875,179.52999877929688,180.75,180.5051727294922,136682600
2024-03-01,179.5500030517578,180.52999877929688,177.3800048828125,179.66000366210938,179.41665649414062,73488000
2024-03-04,176.14999389648438,176.89999389648438,173.7899932861328,175.10000610351562,174.86282348632812,81510100
2024-03-05,170.75999450683594,172.0399932861328,169.6199951171875,170.1199951171875,169.8895721435547,95132400
2024-03-06,171.05999755859375,171.24000549316406,168.67999267578125,169.1199951171875,168.8909149169922,68587700
2024-03-07,169.14999389648438,170.72999572753906,168.49000549316406,169.0,168.77108764648438,71765100
2024-03-08,169.0,173.6999969482422,168.94000244140625,170.72999572753906,170.4987335205078,76114600
2024-03-11,172.94000244140625,174.3800048828125,172.0500030517578,172.75,172.51600646972656,60139500
2024-03-12,173.14999389648438,174.02999877929688,171.00999450683594,173.22999572753906,172.99534606933594,59825400
2024-03-13,172.77000427246094,173.19000244140625,170.75999450683594,171.1300048828125,170.89820861816406,52488700
2024-03-14,172.91000366210938,174.30999755859375,172.0500030517578,173.0,172.7656707763672,72913500
2024-03-15,171.1699981689453,172.6199951171875,170.2899932861328,172.6199951171875,172.3861846923828,121664700
2024-03-18,175.57000732421875,177.7100067138672,173.52000427246094,173.72000122070312,173.4846954345703,75604200
2024-03-19,174.33999633789062,176.61000061035156,173.02999877929688,176.0800018310547,175.84149169921875,55215200
2024-03-20,175.72000122070312,178.6699981689453,175.08999633789062,178.6699981689453,178.42799377441406,53423100
2024-03-21,177.0500030517578,177.49000549316406,170.83999633789062,171.3699951171875,171.13787841796875,106181300
2024-03-22,171.75999450683594,173.0500030517578,170.05999755859375,172.27999877929688,172.04664611816406,71106600
2024-03-25,170.57000732421875,171.94000244140625,169.4499969482422,170.85000610351562,170.61859130859375,54288300
2024-03-26,170.0,171.4199981689453,169.5800018310547,169.7100067138672,169.48013305664062,57388400
2024-03-27,170.41000366210938,173.60000610351562,170.11000061035156,173.30999755859375,173.0752410888672,60273300
2024-03-28,171.75,172.22999572753906,170.50999450683594,171.47999572753906,171.2477264404297,65672700
2024-04-01,171.19000244140625,171.25,169.47999572753906,170.02999877929688,169.79969787597656,46240500
2024-04-02,169.0800018310547,169.33999633789062,168.22999572753906,168.83999633789062,168.61129760742188,49329500
2024-04-03,168.7899932861328,170.67999267578125,168.5800018310547,169.64999389648438,169.42019653320312,47691700
2024-04-04,170.2899932861328,171.9199981689453,168.82000732421875,168.82000732421875,168.59133911132812,53704400
2024-04-05,169.58999633789062,170.38999938964844,168.9499969482422,169.5800018310547,169.3502960205078,42055200
2024-04-08,169.02999877929688,169.1999969482422,168.24000549316406,168.4499969482422,168.22183227539062,37425500
2024-04-09,168.6999969482422,170.0800018310547,168.35000610351562,169.6699981689453,169.44017028808594,42451200
2024-04-10,168.8000030517578,169.08999633789062,167.11000061035156,167.77999877929688,167.552734375,49709300
2024-04-11,168.33999633789062,175.4600067138672,168.16000366210938,175.0399932861328,174.8029022216797,91070300
2024-04-12,174.25999450683594,178.36000061035156,174.2100067138672,176.5500030517578,176.3108673095703,101593300
2024-04-15,175.36000061035156,176.6300048828125,172.5,172.69000244140625,172.45608520507812,73531800
2024-04-16,171.75,173.75999450683594,168.27000427246094,169.3800048828125,169.15057373046875,73711200
2024-04-17,169.61000061035156,170.64999389648438,168.0,168.0,167.77244567871094,50901200
2024-04-18,168.02999877929688,168.63999938964844,166.5500030517578,167.0399932861328,166.81373596191406,43122900
2024-04-19,166.2100067138672,166.39999389648438,164.0800018310547,165.0,164.77650451660156,67772100
2024-04-22,165.52000427246094,167.25999450683594,164.77000427246094,165.83999633789062,165.6153564453125,48116400
2024-04-23,165.35000610351562,167.0500030517578,164.9199981689453,166.89999389648438,166.67391967773438,49537800
2024-04-24,166.5399932861328,169.3000030517578,166.2100067138672,169.02000427246094,168.7910614013672,48251800
2024-04-25,169.52999877929688,170.61000061035156,168.14999389648438,169.88999938964844,169.65988159179688,50558300
2024-04-26,169.8800048828125,171.33999633789062,169.17999267578125,169.3000030517578,169.0706787109375,44838400
2024-04-29,173.3699951171875,176.02999877929688,173.10000610351562,173.5,173.26498413085938,68169400
2024-04-30,173.3300018310547,174.99000549316406,170.0,170.3300018310547,170.0992889404297,65934800
2024-05-01,169.5800018310547,172.7100067138672,169.11000061035156,169.3000030517578,169.0706787109375,50383100
2024-05-02,172.50999450683594,173.4199981689453,170.88999938964844,173.02999877929688,172.79562377929688,94214900
2024-05-03,186.64999389648438,187.0,182.66000366210938,183.3800048828125,183.13160705566406,163224100
2024-05-06,182.35000610351562,184.1999969482422,180.4199981689453,181.7100067138672,181.46388244628906,78569700
2024-05-07,183.4499969482422,184.89999389648438,181.32000732421875,182.39999389648438,182.15292358398438,77305800
2024-05-08,182.85000610351562,183.07000732421875,181.4499969482422,182.74000549316406,182.4924774169922,45057100
2024-05-09,182.55999755859375,184.66000366210938,182.11000061035156,184.57000732421875,184.32000732421875,48983000
2024-05-10,184.89999389648438,185.08999633789062,182.1300048828125,183.0500030517578,183.0500030517578,50759500
2024-05-13,185.44000244140625,187.10000610351562,184.6199951171875,186.27999877929688,186.27999877929688,72044800
2024-05-14,187.50999450683594,188.3000030517578,186.2899932861328,187.42999267578125,187.42999267578125,52393600
2024-05-15,187.91000366210938,190.64999389648438,187.3699951171875,189.72000122070312,189.72000122070312,70400000
2024-05-16,190.47000122070312,191.10000610351562,189.66000366210938,189.83999633789062,189.83999633789062,52845200
2024-05-17,189.50999450683594,190.80999755859375,189.17999267578125,189.8699951171875,189.8699951171875,41282900
2024-05-20,189.3300018310547,191.9199981689453,189.00999450683594,191.0399932861328,191.0399932861328,44361300
2024-05-21,191.08999633789062,192.72999572753906,190.9199981689453,192.35000610351562,192.35000610351562,42309400
2024-05-22,192.27000427246094,192.82000732421875,190.27000427246094,190.89999389648438,190.89999389648438,34648500
2024-05-23,190.97999572753906,191.0,186.6300048828125,186.8800048828125,186.8800048828125,51005900
2024-05-24,188.82000732421875,190.5800018310547,188.0399932861328,189.97999572753906,189.97999572753906,36294600
